{
  ".INX:INDEXSP": 6604.58,
  "BZW00:NYMEX": 100.86000061035156,
  "CLW00:NYMEX": 99.13999938964844,
  "KOSPI:KRX": 5478.7,
  "000300:SHA": 4526.067,
  "NIFTY_50:INDEXNSE": 22679.4
}